[
  {
    "category": "``sagemaker``", 
    "description": "[``botocore``] Update sagemaker client to latest version", 
    "type": "api-change"
  }, 
  {
    "category": "``gamelift``", 
    "description": "[``botocore``] Update gamelift client to latest version", 
    "type": "api-change"
  }, 
  {
    "category": "``sts``", 
    "description": "[``botocore``] Add support for configuring the use of regional STS endpoints.", 
    "type": "enhancement"
  }, 
  {
    "category": "``chime``", 
    "description": "[``botocore``] Update chime client to latest version", 
    "type": "api-change"
  }, 
  {
    "category": "``appmesh``", 
    "description": "[``botocore``] Update appmesh client to latest version", 
    "type": "api-change"
  }, 
  {
    "category": "``ec2``", 
    "description": "[``botocore``] Update ec2 client to latest version", 
    "type": "api-change"
  }
]