[
  {
    "category": "``discovery``", 
    "description": "[``botocore``] Update discovery client to latest version", 
    "type": "api-change"
  }, 
  {
    "category": "``organizations``", 
    "description": "[``botocore``] Update organizations client to latest version", 
    "type": "api-change"
  }, 
  {
    "category": "``resource-groups``", 
    "description": "[``botocore``] Update resource-groups client to latest version", 
    "type": "api-change"
  }, 
  {
    "category": "``opsworkscm``", 
    "description": "[``botocore``] Update opsworkscm client to latest version", 
    "type": "api-change"
  }, 
  {
    "category": "``pinpoint``", 
    "description": "[``botocore``] Update pinpoint client to latest version", 
    "type": "api-change"
  }, 
  {
    "category": "``mediaconvert``", 
    "description": "[``botocore``] Update mediaconvert client to latest version", 
    "type": "api-change"
  }, 
  {
    "category": "``cur``", 
    "description": "[``botocore``] Update cur client to latest version", 
    "type": "api-change"
  }
]