[
  {
    "category": "``ssm``", 
    "description": "[``botocore``] Update ssm client to latest version", 
    "type": "api-change"
  }, 
  {
    "category": "``codebuild``", 
    "description": "[``botocore``] Update codebuild client to latest version", 
    "type": "api-change"
  }, 
  {
    "category": "HTTP Session", 
    "description": "[``botocore``] Added the ability to enable TCP Keepalive via the shared config file's ``tcp_keepalive`` option.", 
    "type": "enhancement"
  }, 
  {
    "category": "``apigateway``", 
    "description": "[``botocore``] Update apigateway client to latest version", 
    "type": "api-change"
  }, 
  {
    "category": "``storagegateway``", 
    "description": "[``botocore``] Update storagegateway client to latest version", 
    "type": "api-change"
  }
]