[
  {
    "category": "``amplify``", 
    "description": "[``botocore``] Update amplify client to latest version", 
    "type": "api-change"
  }, 
  {
    "category": "``transfer``", 
    "description": "[``botocore``] Update transfer client to latest version", 
    "type": "api-change"
  }, 
  {
    "category": "``snowball``", 
    "description": "[``botocore``] Update snowball client to latest version", 
    "type": "api-change"
  }, 
  {
    "category": "``robomaker``", 
    "description": "[``botocore``] Update robomaker client to latest version", 
    "type": "api-change"
  }, 
  {
    "category": "``s3``", 
    "description": "[``botocore``] Update s3 client to latest version", 
    "type": "api-change"
  }, 
  {
    "category": "``datasync``", 
    "description": "[``botocore``] Update datasync client to latest version", 
    "type": "api-change"
  }
]