[
  {
    "category": "``codebuild``", 
    "description": "[``botocore``] Update codebuild client to latest version", 
    "type": "api-change"
  }, 
  {
    "category": "``budgets``", 
    "description": "[``botocore``] Update budgets client to latest version", 
    "type": "api-change"
  }, 
  {
    "category": "``efs``", 
    "description": "[``botocore``] Update efs client to latest version", 
    "type": "api-change"
  }, 
  {
    "category": "``ce``", 
    "description": "[``botocore``] Update ce client to latest version", 
    "type": "api-change"
  }, 
  {
    "category": "``savingsplans``", 
    "description": "[``botocore``] Update savingsplans client to latest version", 
    "type": "api-change"
  }, 
  {
    "category": "``signer``", 
    "description": "[``botocore``] Update signer client to latest version", 
    "type": "api-change"
  }
]