[
  {
    "category": "``ec2``", 
    "description": "[``botocore``] Update ec2 client to latest version", 
    "type": "api-change"
  }, 
  {
    "category": "``codebuild``", 
    "description": "[``botocore``] Update codebuild client to latest version", 
    "type": "api-change"
  }, 
  {
    "category": "``glue``", 
    "description": "[``botocore``] Update glue client to latest version", 
    "type": "api-change"
  }, 
  {
    "category": "``opsworks``", 
    "description": "[``botocore``] Update opsworks client to latest version", 
    "type": "api-change"
  }, 
  {
    "category": "``appstream``", 
    "description": "[``botocore``] Update appstream client to latest version", 
    "type": "api-change"
  }
]