[
  {
    "category": "``alexaforbusiness``", 
    "description": "[``botocore``] Update alexaforbusiness client to latest version", 
    "type": "api-change"
  }, 
  {
    "category": "``s3``", 
    "description": "[``botocore``] Update s3 client to latest version", 
    "type": "api-change"
  }, 
  {
    "category": "``budgets``", 
    "description": "[``botocore``] Update budgets client to latest version", 
    "type": "api-change"
  }, 
  {
    "category": "``es``", 
    "description": "[``botocore``] Update es client to latest version", 
    "type": "api-change"
  }
]