[
  {
    "category": "``lakeformation``", 
    "description": "[``botocore``] Update lakeformation client to latest version", 
    "type": "api-change"
  }, 
  {
    "category": "``opsworkscm``", 
    "description": "[``botocore``] Update opsworkscm client to latest version", 
    "type": "api-change"
  }, 
  {
    "category": "``glue``", 
    "description": "[``botocore``] Update glue client to latest version", 
    "type": "api-change"
  }, 
  {
    "category": "``codebuild``", 
    "description": "[``botocore``] Update codebuild client to latest version", 
    "type": "api-change"
  }
]