[
  {
    "category": "``iam``", 
    "description": "[``botocore``] Update iam client to latest version", 
    "type": "api-change"
  }, 
  {
    "category": "``apigatewayv2``", 
    "description": "[``botocore``] Update apigatewayv2 client to latest version", 
    "type": "api-change"
  }, 
  {
    "category": "``robomaker``", 
    "description": "[``botocore``] Update robomaker client to latest version", 
    "type": "api-change"
  }, 
  {
    "category": "``es``", 
    "description": "[``botocore``] Update es client to latest version", 
    "type": "api-change"
  }
]