[
  {
    "category": "``devicefarm``", 
    "description": "[``botocore``] Update devicefarm client to latest version", 
    "type": "api-change"
  }, 
  {
    "category": "``storagegateway``", 
    "description": "[``botocore``] Update storagegateway client to latest version", 
    "type": "api-change"
  }, 
  {
    "category": "``mediaconvert``", 
    "description": "[``botocore``] Update mediaconvert client to latest version", 
    "type": "api-change"
  }, 
  {
    "category": "``servicecatalog``", 
    "description": "[``botocore``] Update servicecatalog client to latest version", 
    "type": "api-change"
  }
]