[
  {
    "category": "``stepfunctions``", 
    "description": "[``botocore``] Update stepfunctions client to latest version", 
    "type": "api-change"
  }, 
  {
    "category": "``rds``", 
    "description": "[``botocore``] Update rds client to latest version", 
    "type": "api-change"
  }, 
  {
    "category": "``ec2``", 
    "description": "[``botocore``] Update ec2 client to latest version", 
    "type": "api-change"
  }, 
  {
    "category": "``mediaconnect``", 
    "description": "[``botocore``] Update mediaconnect client to latest version", 
    "type": "api-change"
  }, 
  {
    "category": "``ses``", 
    "description": "[``botocore``] Update ses client to latest version", 
    "type": "api-change"
  }, 
  {
    "category": "``config``", 
    "description": "[``botocore``] Update config client to latest version", 
    "type": "api-change"
  }
]