[
  {
    "category": "``acm-pca``", 
    "description": "[``botocore``] Update acm-pca client to latest version", 
    "type": "api-change"
  }, 
  {
    "category": "``dynamodb``", 
    "description": "[``botocore``] Update dynamodb client to latest version", 
    "type": "api-change"
  }, 
  {
    "category": "``sms-voice``", 
    "description": "[``botocore``] Update sms-voice client to latest version", 
    "type": "api-change"
  }, 
  {
    "category": "``stepfunctions``", 
    "description": "[``botocore``] Update stepfunctions client to latest version", 
    "type": "api-change"
  }
]