[
  {
    "category": "``autoscaling``", 
    "description": "[``botocore``] Update autoscaling client to latest version", 
    "type": "api-change"
  }, 
  {
    "category": "``cloudwatch``", 
    "description": "[``botocore``] Update cloudwatch client to latest version", 
    "type": "api-change"
  }, 
  {
    "category": "``application-autoscaling``", 
    "description": "[``botocore``] Update application-autoscaling client to latest version", 
    "type": "api-change"
  }, 
  {
    "category": "``rekognition``", 
    "description": "[``botocore``] Update rekognition client to latest version", 
    "type": "api-change"
  }
]