[
  {
    "category": "``qldb``", 
    "description": "[``botocore``] Update qldb client to latest version", 
    "type": "api-change"
  }, 
  {
    "category": "``marketplacecommerceanalytics``", 
    "description": "[``botocore``] Update marketplacecommerceanalytics client to latest version", 
    "type": "api-change"
  }, 
  {
    "category": "``appstream``", 
    "description": "[``botocore``] Update appstream client to latest version", 
    "type": "api-change"
  }, 
  {
    "category": "``ec2``", 
    "description": "[``botocore``] Update ec2 client to latest version", 
    "type": "api-change"
  }, 
  {
    "category": "``robomaker``", 
    "description": "[``botocore``] Update robomaker client to latest version", 
    "type": "api-change"
  }, 
  {
    "category": "``appmesh``", 
    "description": "[``botocore``] Update appmesh client to latest version", 
    "type": "api-change"
  }, 
  {
    "category": "``qldb-session``", 
    "description": "[``botocore``] Update qldb-session client to latest version", 
    "type": "api-change"
  }
]