[
  {
    "category": "``cloudhsmv2``", 
    "description": "[``botocore``] Update cloudhsmv2 client to latest version", 
    "type": "api-change"
  }, 
  {
    "category": "``discovery``", 
    "description": "[``botocore``] Update discovery client to latest version", 
    "type": "api-change"
  }, 
  {
    "category": "``iot``", 
    "description": "[``botocore``] Update iot client to latest version", 
    "type": "api-change"
  }, 
  {
    "category": "``redshift``", 
    "description": "[``botocore``] Update redshift client to latest version", 
    "type": "api-change"
  }
]