[
  {
    "category": "``application-autoscaling``", 
    "description": "[``botocore``] Update application-autoscaling client to latest version", 
    "type": "api-change"
  }, 
  {
    "category": "``lambda``", 
    "description": "[``botocore``] Update lambda client to latest version", 
    "type": "api-change"
  }, 
  {
    "category": "``dms``", 
    "description": "[``botocore``] Update dms client to latest version", 
    "type": "api-change"
  }, 
  {
    "category": "``ce``", 
    "description": "[``botocore``] Update ce client to latest version", 
    "type": "api-change"
  }, 
  {
    "category": "``transcribe``", 
    "description": "[``botocore``] Update transcribe client to latest version", 
    "type": "api-change"
  }
]