[
  {
    "category": "``ec2``", 
    "description": "[``botocore``] Update ec2 client to latest version", 
    "type": "api-change"
  }, 
  {
    "category": "``appmesh``", 
    "description": "[``botocore``] Update appmesh client to latest version", 
    "type": "api-change"
  }, 
  {
    "category": "``athena``", 
    "description": "[``botocore``] Update athena client to latest version", 
    "type": "api-change"
  }, 
  {
    "category": "``codecommit``", 
    "description": "[``botocore``] Update codecommit client to latest version", 
    "type": "api-change"
  }, 
  {
    "category": "``glue``", 
    "description": "[``botocore``] Update glue client to latest version", 
    "type": "api-change"
  }, 
  {
    "category": "``storagegateway``", 
    "description": "[``botocore``] Update storagegateway client to latest version", 
    "type": "api-change"
  }
]