[
  {
    "category": "``efs``", 
    "description": "[``botocore``] Update efs client to latest version", 
    "type": "api-change"
  }, 
  {
    "category": "``cloudwatch``", 
    "description": "[``botocore``] Update cloudwatch client to latest version", 
    "type": "api-change"
  }, 
  {
    "category": "``amplify``", 
    "description": "[``botocore``] Update amplify client to latest version", 
    "type": "api-change"
  }, 
  {
    "category": "``kinesis-video-archived-media``", 
    "description": "[``botocore``] Update kinesis-video-archived-media client to latest version", 
    "type": "api-change"
  }, 
  {
    "category": "``gamelift``", 
    "description": "[``botocore``] Update gamelift client to latest version", 
    "type": "api-change"
  }, 
  {
    "category": "``kinesisvideo``", 
    "description": "[``botocore``] Update kinesisvideo client to latest version", 
    "type": "api-change"
  }, 
  {
    "category": "``waf``", 
    "description": "[``botocore``] Update waf client to latest version", 
    "type": "api-change"
  }, 
  {
    "category": "``config``", 
    "description": "[``botocore``] Update config client to latest version", 
    "type": "api-change"
  }, 
  {
    "category": "``waf-regional``", 
    "description": "[``botocore``] Update waf-regional client to latest version", 
    "type": "api-change"
  }
]