[
  {
    "category": "``autoscaling-plans``", 
    "description": "[``botocore``] Update autoscaling-plans client to latest version", 
    "type": "api-change"
  }, 
  {
    "category": "``xray``", 
    "description": "[``botocore``] Update xray client to latest version", 
    "type": "api-change"
  }, 
  {
    "category": "``devicefarm``", 
    "description": "[``botocore``] Update devicefarm client to latest version", 
    "type": "api-change"
  }, 
  {
    "category": "``ssm``", 
    "description": "[``botocore``] Update ssm client to latest version", 
    "type": "api-change"
  }, 
  {
    "category": "``medialive``", 
    "description": "[``botocore``] Update medialive client to latest version", 
    "type": "api-change"
  }, 
  {
    "category": "``redshift``", 
    "description": "[``botocore``] Update redshift client to latest version", 
    "type": "api-change"
  }, 
  {
    "category": "``rds-data``", 
    "description": "[``botocore``] Update rds-data client to latest version", 
    "type": "api-change"
  }, 
  {
    "category": "``appsync``", 
    "description": "[``botocore``] Update appsync client to latest version", 
    "type": "api-change"
  }, 
  {
    "category": "``cloudwatch``", 
    "description": "[``botocore``] Update cloudwatch client to latest version", 
    "type": "api-change"
  }, 
  {
    "category": "``quicksight``", 
    "description": "[``botocore``] Update quicksight client to latest version", 
    "type": "api-change"
  }, 
  {
    "category": "``cloudfront``", 
    "description": "[``botocore``] Update cloudfront client to latest version", 
    "type": "api-change"
  }
]