[
  {
    "category": "``organizations``", 
    "description": "[``botocore``] Update organizations client to latest version", 
    "type": "api-change"
  }, 
  {
    "category": "``events``", 
    "description": "[``botocore``] Update events client to latest version", 
    "type": "api-change"
  }, 
  {
    "category": "``firehose``", 
    "description": "[``botocore``] Update firehose client to latest version", 
    "type": "api-change"
  }, 
  {
    "category": "``datasync``", 
    "description": "[``botocore``] Update datasync client to latest version", 
    "type": "api-change"
  }
]