[
  {
    "category": "``guardduty``", 
    "description": "[``botocore``] Update guardduty client to latest version", 
    "type": "api-change"
  }, 
  {
    "category": "``lex-runtime``", 
    "description": "[``botocore``] Update lex-runtime client to latest version", 
    "type": "api-change"
  }, 
  {
    "category": "``redshift``", 
    "description": "[``botocore``] Update redshift client to latest version", 
    "type": "api-change"
  }, 
  {
    "category": "``iot``", 
    "description": "[``botocore``] Update iot client to latest version", 
    "type": "api-change"
  }, 
  {
    "category": "``mediaconvert``", 
    "description": "[``botocore``] Update mediaconvert client to latest version", 
    "type": "api-change"
  }
]