[
  {
    "category": "``ses``", 
    "description": "[``botocore``] Update ses client to latest version", 
    "type": "api-change"
  }, 
  {
    "category": "``ec2``", 
    "description": "[``botocore``] Update ec2 client to latest version", 
    "type": "api-change"
  }, 
  {
    "category": "``fms``", 
    "description": "[``botocore``] Update fms client to latest version", 
    "type": "api-change"
  }, 
  {
    "category": "``connect``", 
    "description": "[``botocore``] Update connect client to latest version", 
    "type": "api-change"
  }
]