[
  {
    "category": "``glue``", 
    "description": "[``botocore``] Update glue client to latest version", 
    "type": "api-change"
  }, 
  {
    "category": "``transcribe``", 
    "description": "[``botocore``] Update transcribe client to latest version", 
    "type": "api-change"
  }, 
  {
    "category": "``connectparticipant``", 
    "description": "[``botocore``] Update connectparticipant client to latest version", 
    "type": "api-change"
  }, 
  {
    "category": "``dynamodb``", 
    "description": "[``botocore``] Update dynamodb client to latest version", 
    "type": "api-change"
  }, 
  {
    "category": "``lex-runtime``", 
    "description": "[``botocore``] Update lex-runtime client to latest version", 
    "type": "api-change"
  }, 
  {
    "category": "``connect``", 
    "description": "[``botocore``] Update connect client to latest version", 
    "type": "api-change"
  }, 
  {
    "category": "``ec2``", 
    "description": "[``botocore``] Update ec2 client to latest version", 
    "type": "api-change"
  }, 
  {
    "category": "``meteringmarketplace``", 
    "description": "[``botocore``] Update meteringmarketplace client to latest version", 
    "type": "api-change"
  }, 
  {
    "category": "``config``", 
    "description": "[``botocore``] Update config client to latest version", 
    "type": "api-change"
  }, 
  {
    "category": "``lex-models``", 
    "description": "[``botocore``] Update lex-models client to latest version", 
    "type": "api-change"
  }, 
  {
    "category": "``ssm``", 
    "description": "[``botocore``] Update ssm client to latest version", 
    "type": "api-change"
  }, 
  {
    "category": "``amplify``", 
    "description": "[``botocore``] Update amplify client to latest version", 
    "type": "api-change"
  }, 
  {
    "category": "``appsync``", 
    "description": "[``botocore``] Update appsync client to latest version", 
    "type": "api-change"
  }
]