[
  {
    "category": "``ec2``", 
    "description": "[``botocore``] Update ec2 client to latest version", 
    "type": "api-change"
  }, 
  {
    "category": "``dlm``", 
    "description": "[``botocore``] Update dlm client to latest version", 
    "type": "api-change"
  }, 
  {
    "category": "``rds``", 
    "description": "[``botocore``] Update rds client to latest version", 
    "type": "api-change"
  }, 
  {
    "category": "``elasticbeanstalk``", 
    "description": "[``botocore``] Update elasticbeanstalk client to latest version", 
    "type": "api-change"
  }
]