[
  {
    "category": "``ssm``", 
    "description": "[``botocore``] Update ssm client to latest version", 
    "type": "api-change"
  }, 
  {
    "category": "``s3``", 
    "description": "[``botocore``] Update s3 client to latest version", 
    "type": "api-change"
  }, 
  {
    "category": "``apigateway``", 
    "description": "[``botocore``] Update apigateway client to latest version", 
    "type": "api-change"
  }, 
  {
    "category": "``ce``", 
    "description": "[``botocore``] Update ce client to latest version", 
    "type": "api-change"
  }
]