[
  {
    "category": "``mq``", 
    "description": "[``botocore``] Update mq client to latest version", 
    "type": "api-change"
  }, 
  {
    "category": "``apigateway``", 
    "description": "[``botocore``] Update apigateway client to latest version", 
    "type": "api-change"
  }, 
  {
    "category": "Event", 
    "description": "[``botocore``] Add the `before-send` event which allows finalized requests to be inspected before being sent across the wire and allows for custom responses to be returned.", 
    "type": "enhancement"
  }, 
  {
    "category": "``codecommit``", 
    "description": "[``botocore``] Update codecommit client to latest version", 
    "type": "api-change"
  }
]