[
  {
    "category": "``workmail``", 
    "description": "[``botocore``] Update workmail client to latest version", 
    "type": "api-change"
  }, 
  {
    "category": "``medialive``", 
    "description": "[``botocore``] Update medialive client to latest version", 
    "type": "api-change"
  }, 
  {
    "category": "``cognito-idp``", 
    "description": "[``botocore``] Update cognito-idp client to latest version", 
    "type": "api-change"
  }, 
  {
    "category": "``mediaconvert``", 
    "description": "[``botocore``] Update mediaconvert client to latest version", 
    "type": "api-change"
  }
]