[
  {
    "category": "``transcribe``", 
    "description": "[``botocore``] Update transcribe client to latest version", 
    "type": "api-change"
  }, 
  {
    "category": "``marketplace-catalog``", 
    "description": "[``botocore``] Update marketplace-catalog client to latest version", 
    "type": "api-change"
  }, 
  {
    "category": "``dynamodb``", 
    "description": "[``botocore``] Update dynamodb client to latest version", 
    "type": "api-change"
  }, 
  {
    "category": "``codepipeline``", 
    "description": "[``botocore``] Update codepipeline client to latest version", 
    "type": "api-change"
  }, 
  {
    "category": "``elbv2``", 
    "description": "[``botocore``] Update elbv2 client to latest version", 
    "type": "api-change"
  }
]