[
  {
    "category": "``ssm``", 
    "description": "[``botocore``] Update ssm client to latest version", 
    "type": "api-change"
  }, 
  {
    "category": "``workmail``", 
    "description": "[``botocore``] Update workmail client to latest version", 
    "type": "api-change"
  }, 
  {
    "category": "``dms``", 
    "description": "[``botocore``] Update dms client to latest version", 
    "type": "api-change"
  }, 
  {
    "category": "``mediapackage``", 
    "description": "[``botocore``] Update mediapackage client to latest version", 
    "type": "api-change"
  }, 
  {
    "category": "``glue``", 
    "description": "[``botocore``] Update glue client to latest version", 
    "type": "api-change"
  }
]