[
  {
    "category": "``iot``", 
    "description": "[``botocore``] Update iot client to latest version", 
    "type": "api-change"
  }, 
  {
    "category": "``rekognition``", 
    "description": "[``botocore``] Update rekognition client to latest version", 
    "type": "api-change"
  }, 
  {
    "category": "``lex-models``", 
    "description": "[``botocore``] Update lex-models client to latest version", 
    "type": "api-change"
  }, 
  {
    "category": "``iotanalytics``", 
    "description": "[``botocore``] Update iotanalytics client to latest version", 
    "type": "api-change"
  }, 
  {
    "category": "``medialive``", 
    "description": "[``botocore``] Update medialive client to latest version", 
    "type": "api-change"
  }
]