[
  {
    "category": "``kms``", 
    "description": "[``botocore``] Update kms client to latest version", 
    "type": "api-change"
  }, 
  {
    "category": "``mediaconvert``", 
    "description": "[``botocore``] Update mediaconvert client to latest version", 
    "type": "api-change"
  }, 
  {
    "category": "``es``", 
    "description": "[``botocore``] Update es client to latest version", 
    "type": "api-change"
  }, 
  {
    "category": "``iot``", 
    "description": "[``botocore``] Update iot client to latest version", 
    "type": "api-change"
  }, 
  {
    "category": "``connect``", 
    "description": "[``botocore``] Update connect client to latest version", 
    "type": "api-change"
  }
]