[
  {
    "category": "``comprehend``", 
    "description": "[``botocore``] Update comprehend client to latest version", 
    "type": "api-change"
  }, 
  {
    "category": "``chime``", 
    "description": "[``botocore``] Update chime client to latest version", 
    "type": "api-change"
  }, 
  {
    "category": "``storagegateway``", 
    "description": "[``botocore``] Update storagegateway client to latest version", 
    "type": "api-change"
  }, 
  {
    "category": "``ec2``", 
    "description": "[``botocore``] Update ec2 client to latest version", 
    "type": "api-change"
  }
]