[
  {
    "category": "``devicefarm``", 
    "description": "[``botocore``] Update devicefarm client to latest version", 
    "type": "api-change"
  }, 
  {
    "category": "``codecommit``", 
    "description": "[``botocore``] Update codecommit client to latest version", 
    "type": "api-change"
  }, 
  {
    "category": "``medialive``", 
    "description": "[``botocore``] Update medialive client to latest version", 
    "type": "api-change"
  }, 
  {
    "category": "``mediaconnect``", 
    "description": "[``botocore``] Update mediaconnect client to latest version", 
    "type": "api-change"
  }
]