[
  {
    "category": "``organizations``", 
    "description": "[``botocore``] Update organizations client to latest version", 
    "type": "api-change"
  }, 
  {
    "category": "``mq``", 
    "description": "[``botocore``] Update mq client to latest version", 
    "type": "api-change"
  }, 
  {
    "category": "``redshift``", 
    "description": "[``botocore``] Update redshift client to latest version", 
    "type": "api-change"
  }, 
  {
    "category": "``storagegateway``", 
    "description": "[``botocore``] Update storagegateway client to latest version", 
    "type": "api-change"
  }, 
  {
    "category": "``cloudwatch``", 
    "description": "[``botocore``] Update cloudwatch client to latest version", 
    "type": "api-change"
  }, 
  {
    "category": "``cognito-idp``", 
    "description": "[``botocore``] Update cognito-idp client to latest version", 
    "type": "api-change"
  }
]