[
  {
    "category": "``codebuild``", 
    "description": "[``botocore``] Update codebuild client to latest version", 
    "type": "api-change"
  }, 
  {
    "category": "``elastictranscoder``", 
    "description": "[``botocore``] Update elastictranscoder client to latest version", 
    "type": "api-change"
  }, 
  {
    "category": "``ecs``", 
    "description": "[``botocore``] Update ecs client to latest version", 
    "type": "api-change"
  }, 
  {
    "category": "``ec2``", 
    "description": "[``botocore``] Update ec2 client to latest version", 
    "type": "api-change"
  }, 
  {
    "category": "``cloudwatch``", 
    "description": "[``botocore``] Update cloudwatch client to latest version", 
    "type": "api-change"
  }, 
  {
    "category": "``secretsmanager``", 
    "description": "[``botocore``] Update secretsmanager client to latest version", 
    "type": "api-change"
  }, 
  {
    "category": "``elasticache``", 
    "description": "[``botocore``] Update elasticache client to latest version", 
    "type": "api-change"
  }
]