[
  {
    "category": "``ec2``", 
    "description": "[``botocore``] Update ec2 client to latest version", 
    "type": "api-change"
  }, 
  {
    "category": "AssumeRole", 
    "description": "[``botocore``] Add support for duration_seconds when assuming a role in the config file (`#1600 <https://github.com/boto/botocore/issues/1600>`__).", 
    "type": "enhancement"
  }, 
  {
    "category": "``iam``", 
    "description": "[``botocore``] Update iam client to latest version", 
    "type": "api-change"
  }, 
  {
    "category": "``servicecatalog``", 
    "description": "[``botocore``] Update servicecatalog client to latest version", 
    "type": "api-change"
  }, 
  {
    "category": "``alexaforbusiness``", 
    "description": "[``botocore``] Update alexaforbusiness client to latest version", 
    "type": "api-change"
  }
]