[
  {
    "category": "``sesv2``", 
    "description": "[``botocore``] Update sesv2 client to latest version", 
    "type": "api-change"
  }, 
  {
    "category": "``dataexchange``", 
    "description": "[``botocore``] Update dataexchange client to latest version", 
    "type": "api-change"
  }, 
  {
    "category": "``iot``", 
    "description": "[``botocore``] Update iot client to latest version", 
    "type": "api-change"
  }, 
  {
    "category": "``cloudsearch``", 
    "description": "[``botocore``] Update cloudsearch client to latest version", 
    "type": "api-change"
  }, 
  {
    "category": "``dlm``", 
    "description": "[``botocore``] Update dlm client to latest version", 
    "type": "api-change"
  }
]