[
  {
    "category": "``acm``", 
    "description": "[``botocore``] Update acm client to latest version", 
    "type": "api-change"
  }, 
  {
    "category": "``autoscaling-plans``", 
    "description": "[``botocore``] Update autoscaling-plans client to latest version", 
    "type": "api-change"
  }, 
  {
    "category": "``codebuild``", 
    "description": "[``botocore``] Update codebuild client to latest version", 
    "type": "api-change"
  }, 
  {
    "category": "``mediapackage-vod``", 
    "description": "[``botocore``] Update mediapackage-vod client to latest version", 
    "type": "api-change"
  }, 
  {
    "category": "``emr``", 
    "description": "[``botocore``] Update emr client to latest version", 
    "type": "api-change"
  }, 
  {
    "category": "``sns``", 
    "description": "[``botocore``] Update sns client to latest version", 
    "type": "api-change"
  }, 
  {
    "category": "``ssm``", 
    "description": "[``botocore``] Update ssm client to latest version", 
    "type": "api-change"
  }, 
  {
    "category": "``application-autoscaling``", 
    "description": "[``botocore``] Update application-autoscaling client to latest version", 
    "type": "api-change"
  }, 
  {
    "category": "``sts``", 
    "description": "[``botocore``] Update sts client to latest version", 
    "type": "api-change"
  }, 
  {
    "category": "``forecast``", 
    "description": "[``botocore``] Update forecast client to latest version", 
    "type": "api-change"
  }, 
  {
    "category": "``ec2``", 
    "description": "[``botocore``] Update ec2 client to latest version", 
    "type": "api-change"
  }, 
  {
    "category": "``rekognition``", 
    "description": "[``botocore``] Update rekognition client to latest version", 
    "type": "api-change"
  }
]