[
  {
    "category": "``ec2``", 
    "description": "[``botocore``] Update ec2 client to latest version", 
    "type": "api-change"
  }, 
  {
    "category": "``lex-runtime``", 
    "description": "[``botocore``] Update lex-runtime client to latest version", 
    "type": "api-change"
  }, 
  {
    "category": "``fms``", 
    "description": "[``botocore``] Update fms client to latest version", 
    "type": "api-change"
  }, 
  {
    "category": "``iotanalytics``", 
    "description": "[``botocore``] Update iotanalytics client to latest version", 
    "type": "api-change"
  }
]