[
  {
    "category": "``ssm``", 
    "description": "[``botocore``] Update ssm client to latest version", 
    "type": "api-change"
  }, 
  {
    "category": "``securityhub``", 
    "description": "[``botocore``] Update securityhub client to latest version", 
    "type": "api-change"
  }, 
  {
    "category": "``iotthingsgraph``", 
    "description": "[``botocore``] Update iotthingsgraph client to latest version", 
    "type": "api-change"
  }, 
  {
    "category": "``dlm``", 
    "description": "[``botocore``] Update dlm client to latest version", 
    "type": "api-change"
  }, 
  {
    "category": "``rds``", 
    "description": "[``botocore``] Update rds client to latest version", 
    "type": "api-change"
  }, 
  {
    "category": "``ec2``", 
    "description": "[``botocore``] Update ec2 client to latest version", 
    "type": "api-change"
  }
]