[
  {
    "category": "``servicecatalog``", 
    "description": "[``botocore``] Update servicecatalog client to latest version", 
    "type": "api-change"
  }, 
  {
    "category": "``eks``", 
    "description": "[``botocore``] Update eks client to latest version", 
    "type": "api-change"
  }, 
  {
    "category": "``sagemaker``", 
    "description": "[``botocore``] Update sagemaker client to latest version", 
    "type": "api-change"
  }, 
  {
    "category": "``kinesisanalytics``", 
    "description": "[``botocore``] Update kinesisanalytics client to latest version", 
    "type": "api-change"
  }, 
  {
    "category": "``kinesisanalyticsv2``", 
    "description": "[``botocore``] Update kinesisanalyticsv2 client to latest version", 
    "type": "api-change"
  }
]