[
  {
    "category": "``textract``", 
    "description": "[``botocore``] Update textract client to latest version", 
    "type": "api-change"
  }, 
  {
    "category": "``storagegateway``", 
    "description": "[``botocore``] Update storagegateway client to latest version", 
    "type": "api-change"
  }, 
  {
    "category": "``medialive``", 
    "description": "[``botocore``] Update medialive client to latest version", 
    "type": "api-change"
  }, 
  {
    "category": "``codedeploy``", 
    "description": "[``botocore``] Update codedeploy client to latest version", 
    "type": "api-change"
  }
]