[
  {
    "category": "``ds``", 
    "description": "[``botocore``] Update ds client to latest version", 
    "type": "api-change"
  }, 
  {
    "category": "``appstream``", 
    "description": "[``botocore``] Update appstream client to latest version", 
    "type": "api-change"
  }, 
  {
    "category": "``medialive``", 
    "description": "[``botocore``] Update medialive client to latest version", 
    "type": "api-change"
  }, 
  {
    "category": "``budgets``", 
    "description": "[``botocore``] Update budgets client to latest version", 
    "type": "api-change"
  }, 
  {
    "category": "``gamelift``", 
    "description": "[``botocore``] Update gamelift client to latest version", 
    "type": "api-change"
  }, 
  {
    "category": "``dynamodb``", 
    "description": "[``botocore``] Update dynamodb client to latest version", 
    "type": "api-change"
  }, 
  {
    "category": "``dms``", 
    "description": "[``botocore``] Update dms client to latest version", 
    "type": "api-change"
  }, 
  {
    "category": "``mediastore``", 
    "description": "[``botocore``] Update mediastore client to latest version", 
    "type": "api-change"
  }
]