[
  {
    "category": "``s3``", 
    "description": "[``botocore``] Update s3 client to latest version", 
    "type": "api-change"
  }, 
  {
    "category": "``sagemaker``", 
    "description": "[``botocore``] Update sagemaker client to latest version", 
    "type": "api-change"
  }, 
  {
    "category": "``acm``", 
    "description": "[``botocore``] Update acm client to latest version", 
    "type": "api-change"
  }, 
  {
    "category": "``config``", 
    "description": "[``botocore``] Update config client to latest version", 
    "type": "api-change"
  }, 
  {
    "category": "``transcribe``", 
    "description": "[``botocore``] Update transcribe client to latest version", 
    "type": "api-change"
  }, 
  {
    "category": "``secretsmanager``", 
    "description": "[``botocore``] Update secretsmanager client to latest version", 
    "type": "api-change"
  }, 
  {
    "category": "``acm-pca``", 
    "description": "[``botocore``] Update acm-pca client to latest version", 
    "type": "api-change"
  }, 
  {
    "category": "``cloudwatch``", 
    "description": "[``botocore``] Update cloudwatch client to latest version", 
    "type": "api-change"
  }, 
  {
    "category": "s3", 
    "description": "Add support for S3 Select. Amazon S3 Select is an Amazon S3 feature that makes it easy to retrieve specific data from the contents of an object using simple SQL expressions without having to retrieve the entire object. With this release of the Amazon S3 SDK, S3 Select API (SelectObjectContent) is now generally available in all public regions. This release supports retrieval of a subset of data using SQL clauses, like SELECT and WHERE, from delimited text files and JSON objects in Amazon S3 through the SelectObjectContent API available in AWS S3 SDK.", 
    "type": "feature"
  }, 
  {
    "category": "``fms``", 
    "description": "[``botocore``] Update fms client to latest version", 
    "type": "api-change"
  }
]