[
  {
    "category": "``ssm``", 
    "description": "[``botocore``] Update ssm client to latest version", 
    "type": "api-change"
  }, 
  {
    "category": "``comprehend``", 
    "description": "[``botocore``] Update comprehend client to latest version", 
    "type": "api-change"
  }, 
  {
    "category": "``workspaces``", 
    "description": "[``botocore``] Update workspaces client to latest version", 
    "type": "api-change"
  }, 
  {
    "category": "``ce``", 
    "description": "[``botocore``] Update ce client to latest version", 
    "type": "api-change"
  }, 
  {
    "category": "``ecs``", 
    "description": "[``botocore``] Update ecs client to latest version", 
    "type": "api-change"
  }
]