[
  {
    "category": "``elbv2``", 
    "description": "[``botocore``] Update elbv2 client to latest version", 
    "type": "api-change"
  }, 
  {
    "category": "``stepfunctions``", 
    "description": "[``botocore``] Update stepfunctions client to latest version", 
    "type": "api-change"
  }, 
  {
    "category": "``xray``", 
    "description": "[``botocore``] Update xray client to latest version", 
    "type": "api-change"
  }, 
  {
    "category": "``lambda``", 
    "description": "[``botocore``] Update lambda client to latest version", 
    "type": "api-change"
  }, 
  {
    "category": "``events``", 
    "description": "[``botocore``] Update events client to latest version", 
    "type": "api-change"
  }, 
  {
    "category": "``serverlessrepo``", 
    "description": "[``botocore``] Update serverlessrepo client to latest version", 
    "type": "api-change"
  }, 
  {
    "category": "``kafka``", 
    "description": "[``botocore``] Update kafka client to latest version", 
    "type": "api-change"
  }, 
  {
    "category": "``s3``", 
    "description": "[``botocore``] Update s3 client to latest version", 
    "type": "api-change"
  }
]