[
  {
    "category": "``iot``", 
    "description": "[``botocore``] Update iot client to latest version", 
    "type": "api-change"
  }, 
  {
    "category": "``ssm``", 
    "description": "[``botocore``] Update ssm client to latest version", 
    "type": "api-change"
  }, 
  {
    "category": "``ds``", 
    "description": "[``botocore``] Update ds client to latest version", 
    "type": "api-change"
  }, 
  {
    "category": "Paginator", 
    "description": "[``botocore``] Add additional paginators for CloudFormation", 
    "type": "enhancement"
  }, 
  {
    "category": "``efs``", 
    "description": "[``botocore``] Update efs client to latest version", 
    "type": "api-change"
  }
]