[
  {
    "category": "``kafka``", 
    "description": "[``botocore``] Update kafka client to latest version", 
    "type": "api-change"
  }, 
  {
    "category": "``cognito-idp``", 
    "description": "[``botocore``] Update cognito-idp client to latest version", 
    "type": "api-change"
  }, 
  {
    "category": "``rds``", 
    "description": "[``botocore``] Update rds client to latest version", 
    "type": "api-change"
  }, 
  {
    "category": "``worklink``", 
    "description": "[``botocore``] Update worklink client to latest version", 
    "type": "api-change"
  }, 
  {
    "category": "``workspaces``", 
    "description": "[``botocore``] Update workspaces client to latest version", 
    "type": "api-change"
  }, 
  {
    "category": "``discovery``", 
    "description": "[``botocore``] Update discovery client to latest version", 
    "type": "api-change"
  }, 
  {
    "category": "``organizations``", 
    "description": "[``botocore``] Update organizations client to latest version", 
    "type": "api-change"
  }
]