[
  {
    "category": "``greengrass``", 
    "description": "[``botocore``] Update greengrass client to latest version", 
    "type": "api-change"
  }, 
  {
    "category": "``cloudformation``", 
    "description": "[``botocore``] Update cloudformation client to latest version", 
    "type": "api-change"
  }, 
  {
    "category": "``ssm``", 
    "description": "[``botocore``] Update ssm client to latest version", 
    "type": "api-change"
  }, 
  {
    "category": "``alexaforbusiness``", 
    "description": "[``botocore``] Update alexaforbusiness client to latest version", 
    "type": "api-change"
  }
]