[
  {
    "category": "``pinpoint``", 
    "description": "[``botocore``] Update pinpoint client to latest version", 
    "type": "api-change"
  }, 
  {
    "category": "``ecs``", 
    "description": "[``botocore``] Update ecs client to latest version", 
    "type": "api-change"
  }, 
  {
    "category": "``rds``", 
    "description": "[``botocore``] Update rds client to latest version", 
    "type": "api-change"
  }, 
  {
    "category": "``mgh``", 
    "description": "[``botocore``] Update mgh client to latest version", 
    "type": "api-change"
  }
]