[
  {
    "category": "``cloudfront``", 
    "description": "[``botocore``] Update cloudfront client to latest version", 
    "type": "api-change"
  }, 
  {
    "category": "``comprehend``", 
    "description": "[``botocore``] Update comprehend client to latest version", 
    "type": "api-change"
  }, 
  {
    "category": "``codepipeline``", 
    "description": "[``botocore``] Update codepipeline client to latest version", 
    "type": "api-change"
  }, 
  {
    "category": "``secretsmanager``", 
    "description": "[``botocore``] Update secretsmanager client to latest version", 
    "type": "api-change"
  }, 
  {
    "category": "StreamingResponses", 
    "description": "[``botocore``] Add ``iter_lines()`` and ``iter_chunks()`` to streaming responses (`#1195 <https://github.com/boto/botocore/issues/1195>`__)", 
    "type": "enhancement"
  }
]