[
  {
    "category": "``ec2``", 
    "description": "[``botocore``] Update ec2 client to latest version", 
    "type": "api-change"
  }, 
  {
    "category": "``appmesh``", 
    "description": "[``botocore``] Update appmesh client to latest version", 
    "type": "api-change"
  }, 
  {
    "category": "``license-manager``", 
    "description": "[``botocore``] Update license-manager client to latest version", 
    "type": "api-change"
  }, 
  {
    "category": "``servicediscovery``", 
    "description": "[``botocore``] Update servicediscovery client to latest version", 
    "type": "api-change"
  }, 
  {
    "category": "``sagemaker``", 
    "description": "[``botocore``] Update sagemaker client to latest version", 
    "type": "api-change"
  }, 
  {
    "category": "``lightsail``", 
    "description": "[``botocore``] Update lightsail client to latest version", 
    "type": "api-change"
  }
]