[
  {
    "category": "``ec2``", 
    "description": "[``botocore``] Update ec2 client to latest version", 
    "type": "api-change"
  }, 
  {
    "category": "``appmesh``", 
    "description": "[``botocore``] Update appmesh client to latest version", 
    "type": "api-change"
  }, 
  {
    "category": "``ecs``", 
    "description": "[``botocore``] Update ecs client to latest version", 
    "type": "api-change"
  }, 
  {
    "category": "``elbv2``", 
    "description": "[``botocore``] Update elbv2 client to latest version", 
    "type": "api-change"
  }, 
  {
    "category": "``transfer``", 
    "description": "[``botocore``] Update transfer client to latest version", 
    "type": "api-change"
  }, 
  {
    "category": "``storagegateway``", 
    "description": "[``botocore``] Update storagegateway client to latest version", 
    "type": "api-change"
  }, 
  {
    "category": "``s3``", 
    "description": "[``botocore``] Update s3 client to latest version", 
    "type": "api-change"
  }
]