[
  {
    "category": "``cognito-idp``", 
    "description": "[``botocore``] Update cognito-idp client to latest version", 
    "type": "api-change"
  }, 
  {
    "category": "``elbv2``", 
    "description": "[``botocore``] Update elbv2 client to latest version", 
    "type": "api-change"
  }, 
  {
    "category": "``workspaces``", 
    "description": "[``botocore``] Update workspaces client to latest version", 
    "type": "api-change"
  }, 
  {
    "category": "``ssm``", 
    "description": "[``botocore``] Update ssm client to latest version", 
    "type": "api-change"
  }, 
  {
    "category": "``logs``", 
    "description": "[``botocore``] Update logs client to latest version", 
    "type": "api-change"
  }, 
  {
    "category": "``guardduty``", 
    "description": "[``botocore``] Update guardduty client to latest version", 
    "type": "api-change"
  }, 
  {
    "category": "``emr``", 
    "description": "[``botocore``] Update emr client to latest version", 
    "type": "api-change"
  }, 
  {
    "category": "``ec2``", 
    "description": "[``botocore``] Update ec2 client to latest version", 
    "type": "api-change"
  }, 
  {
    "category": "``mediaconvert``", 
    "description": "[``botocore``] Update mediaconvert client to latest version", 
    "type": "api-change"
  }, 
  {
    "category": "``eks``", 
    "description": "[``botocore``] Update eks client to latest version", 
    "type": "api-change"
  }, 
  {
    "category": "``chime``", 
    "description": "[``botocore``] Update chime client to latest version", 
    "type": "api-change"
  }
]