[
  {
    "category": "``guardduty``", 
    "description": "[``botocore``] Update guardduty client to latest version", 
    "type": "api-change"
  }, 
  {
    "category": "``alexaforbusiness``", 
    "description": "[``botocore``] Update alexaforbusiness client to latest version", 
    "type": "api-change"
  }, 
  {
    "category": "``route53domains``", 
    "description": "[``botocore``] Update route53domains client to latest version", 
    "type": "api-change"
  }, 
  {
    "category": "``workspaces``", 
    "description": "[``botocore``] Update workspaces client to latest version", 
    "type": "api-change"
  }, 
  {
    "category": "``sagemaker``", 
    "description": "[``botocore``] Update sagemaker client to latest version", 
    "type": "api-change"
  }, 
  {
    "category": "``dynamodb``", 
    "description": "[``botocore``] Update dynamodb client to latest version", 
    "type": "api-change"
  }
]