[
  {
    "category": "``ds``", 
    "description": "[``botocore``] Update ds client to latest version", 
    "type": "api-change"
  }, 
  {
    "category": "``mediatailor``", 
    "description": "[``botocore``] Update mediatailor client to latest version", 
    "type": "api-change"
  }, 
  {
    "category": "``sns``", 
    "description": "[``botocore``] Update sns client to latest version", 
    "type": "api-change"
  }, 
  {
    "category": "``redshift``", 
    "description": "[``botocore``] Update redshift client to latest version", 
    "type": "api-change"
  }, 
  {
    "category": "``iot``", 
    "description": "[``botocore``] Update iot client to latest version", 
    "type": "api-change"
  }
]