[
  {
    "category": "``directconnect``", 
    "description": "[``botocore``] Update directconnect client to latest version", 
    "type": "api-change"
  }, 
  {
    "category": "``glue``", 
    "description": "[``botocore``] Update glue client to latest version", 
    "type": "api-change"
  }, 
  {
    "category": "``iot``", 
    "description": "[``botocore``] Update iot client to latest version", 
    "type": "api-change"
  }, 
  {
    "category": "``cloudhsmv2``", 
    "description": "[``botocore``] Update cloudhsmv2 client to latest version", 
    "type": "api-change"
  }, 
  {
    "category": "``sagemaker``", 
    "description": "[``botocore``] Update sagemaker client to latest version", 
    "type": "api-change"
  }, 
  {
    "category": "``mq``", 
    "description": "[``botocore``] Update mq client to latest version", 
    "type": "api-change"
  }, 
  {
    "category": "Timestamp Serialization", 
    "description": "[``botocore``] Support explicit timestamp serialization per timestamp shape.", 
    "type": "enhancment"
  }, 
  {
    "category": "``glacier``", 
    "description": "[``botocore``] Update glacier client to latest version", 
    "type": "api-change"
  }
]