[
  {
    "category": "``iot``", 
    "description": "[``botocore``] Update iot client to latest version", 
    "type": "api-change"
  }, 
  {
    "category": "``signer``", 
    "description": "[``botocore``] Update signer client to latest version", 
    "type": "api-change"
  }, 
  {
    "category": "``redshift``", 
    "description": "[``botocore``] Update redshift client to latest version", 
    "type": "api-change"
  }, 
  {
    "category": "``iotanalytics``", 
    "description": "[``botocore``] Update iotanalytics client to latest version", 
    "type": "api-change"
  }
]