[
  {
    "category": "``meteringmarketplace``", 
    "description": "[``botocore``] Update meteringmarketplace client to latest version", 
    "type": "api-change"
  }, 
  {
    "category": "``ec2``", 
    "description": "[``botocore``] Update ec2 client to latest version", 
    "type": "api-change"
  }, 
  {
    "category": "``codedeploy``", 
    "description": "[``botocore``] Update codedeploy client to latest version", 
    "type": "api-change"
  }, 
  {
    "category": "``translate``", 
    "description": "[``botocore``] Update translate client to latest version", 
    "type": "api-change"
  }, 
  {
    "category": "``logs``", 
    "description": "[``botocore``] Update logs client to latest version", 
    "type": "api-change"
  }, 
  {
    "category": "``kinesisanalytics``", 
    "description": "[``botocore``] Update kinesisanalytics client to latest version", 
    "type": "api-change"
  }, 
  {
    "category": "``comprehendmedical``", 
    "description": "[``botocore``] Update comprehendmedical client to latest version", 
    "type": "api-change"
  }, 
  {
    "category": "``mediaconnect``", 
    "description": "[``botocore``] Update mediaconnect client to latest version", 
    "type": "api-change"
  }, 
  {
    "category": "``kinesisanalyticsv2``", 
    "description": "[``botocore``] Update kinesisanalyticsv2 client to latest version", 
    "type": "api-change"
  }, 
  {
    "category": "``ecs``", 
    "description": "[``botocore``] Update ecs client to latest version", 
    "type": "api-change"
  }
]