[
  {
    "category": "``application-insights``", 
    "description": "[``botocore``] Update application-insights client to latest version", 
    "type": "api-change"
  }, 
  {
    "category": "``securityhub``", 
    "description": "[``botocore``] Update securityhub client to latest version", 
    "type": "api-change"
  }, 
  {
    "category": "``apigateway``", 
    "description": "[``botocore``] Update apigateway client to latest version", 
    "type": "api-change"
  }, 
  {
    "category": "``elbv2``", 
    "description": "[``botocore``] Update elbv2 client to latest version", 
    "type": "api-change"
  }, 
  {
    "category": "``fsx``", 
    "description": "[``botocore``] Update fsx client to latest version", 
    "type": "api-change"
  }, 
  {
    "category": "``service-quotas``", 
    "description": "[``botocore``] Update service-quotas client to latest version", 
    "type": "api-change"
  }, 
  {
    "category": "``resourcegroupstaggingapi``", 
    "description": "[``botocore``] Update resourcegroupstaggingapi client to latest version", 
    "type": "api-change"
  }, 
  {
    "category": "``ssm``", 
    "description": "[``botocore``] Update ssm client to latest version", 
    "type": "api-change"
  }, 
  {
    "category": "``apigatewayv2``", 
    "description": "[``botocore``] Update apigatewayv2 client to latest version", 
    "type": "api-change"
  }
]