[
  {
    "category": "``gamelift``", 
    "description": "[``botocore``] Update gamelift client to latest version", 
    "type": "api-change"
  }, 
  {
    "category": "``workspaces``", 
    "description": "[``botocore``] Update workspaces client to latest version", 
    "type": "api-change"
  }, 
  {
    "category": "``dynamodb``", 
    "description": "[``botocore``] Update dynamodb client to latest version", 
    "type": "api-change"
  }, 
  {
    "category": "``inspector``", 
    "description": "[``botocore``] Update inspector client to latest version", 
    "type": "api-change"
  }, 
  {
    "category": "``lambda``", 
    "description": "[``botocore``] Update lambda client to latest version", 
    "type": "api-change"
  }, 
  {
    "category": "``batch``", 
    "description": "[``botocore``] Update batch client to latest version", 
    "type": "api-change"
  }
]