[
  {
    "category": "``config``", 
    "description": "[``botocore``] Update config client to latest version", 
    "type": "api-change"
  }, 
  {
    "category": "``iam``", 
    "description": "[``botocore``] Update iam client to latest version", 
    "type": "api-change"
  }, 
  {
    "category": "``sts``", 
    "description": "[``botocore``] Update sts client to latest version", 
    "type": "api-change"
  }, 
  {
    "category": "``codepipeline``", 
    "description": "[``botocore``] Update codepipeline client to latest version", 
    "type": "api-change"
  }
]