[
  {
    "category": "``sagemaker``", 
    "description": "[``botocore``] Update sagemaker client to latest version", 
    "type": "api-change"
  }, 
  {
    "category": "``transfer``", 
    "description": "[``botocore``] Update transfer client to latest version", 
    "type": "api-change"
  }, 
  {
    "category": "``appstream``", 
    "description": "[``botocore``] Update appstream client to latest version", 
    "type": "api-change"
  }, 
  {
    "category": "``alexaforbusiness``", 
    "description": "[``botocore``] Update alexaforbusiness client to latest version", 
    "type": "api-change"
  }
]