[
  {
    "category": "``iot``", 
    "description": "[``botocore``] Update iot client to latest version", 
    "type": "api-change"
  }, 
  {
    "category": "``sms``", 
    "description": "[``botocore``] Update sms client to latest version", 
    "type": "api-change"
  }, 
  {
    "category": "``s3``", 
    "description": "[``botocore``] Update s3 client to latest version", 
    "type": "api-change"
  }, 
  {
    "category": "``iotanalytics``", 
    "description": "[``botocore``] Update iotanalytics client to latest version", 
    "type": "api-change"
  }, 
  {
    "category": "``greengrass``", 
    "description": "[``botocore``] Update greengrass client to latest version", 
    "type": "api-change"
  }, 
  {
    "category": "``kms``", 
    "description": "[``botocore``] Update kms client to latest version", 
    "type": "api-change"
  }, 
  {
    "category": "``ec2``", 
    "description": "[``botocore``] Update ec2 client to latest version", 
    "type": "api-change"
  }, 
  {
    "category": "``globalaccelerator``", 
    "description": "[``botocore``] Update globalaccelerator client to latest version", 
    "type": "api-change"
  }
]